#,Song,Artist,BPM,Camelot,Energy,Added At,Duration,Popularity,Genres,Album,Album Date,Dance,Acoustic,Instrumental,Valence,Speech,Live,Loud (Db),Key,Time Signature,Spotify Track Id,ISRC
1,"Let It Flow - The Jazz Mix","Naoki Kenji",110,6A,53,2026-04-28,05:04,41,"lounge","Versatile",2006-05-30,71,9,76,67,0,0,-14,G Minor,4,4cDdIUh9P5CY0ecMXx8PS1,DEH740602179
2,"Relax - Vargo Vocal Remix","Blank & Jones,VARGO",170,6B,75,2026-04-28,06:10,36,"trance, lounge","Relax Edition 1",2003-04-07,24,16,92,44,0,10,-8,A#/B♭ Major,4,35o4nN5z3kN4YFPUXcy2wG,DEGE91100198
3,"Won't Give Up - Cafe Del Mar Mix","Roberto Sol,Florito,Martine",101,8A,66,2026-04-28,04:14,46,"lounge, ","Electrified Emotions",2013-10-11,66,3,7,29,0,0,-8,A Minor,4,4Ezv6yXGFFQ6KsFIR4Zw2Y,DEMQ11300304
4,"Waltz No. 19 in A minor, Op. posth.","Frédéric Chopin,Peter Jablonski",69,8A,3,2026-04-28,02:12,64,"piano clásico, clásica","Chopin: Waltzes, etc.",1995-01-01,31,98,93,15,0,0,-37,A Minor,4,71MpmxCJ1TW05c7Fvv1SfI,GBF079540817
5,"El Baile del Sapito - Infantil","Cartoon Studio,Canción infantil",144,9B,79,2026-04-28,02:55,61,"canción de cuna, música infantil","El Baile del Sapito",2017-05-04,93,28,0,99,0,20,-4,G Major,4,5FUPss7Xsr9hnxuIUe9b01,QM6MZ1719869
6,"Deviation - Octavio Gimenez Remix","YOUNA,Octavio Gimenez",126,9B,87,2026-04-28,05:54,20,"techno melódico, house melódico, house progresivo","Escape The Reality",2024-02-16,57,0,87,31,0,10,-10,G Major,4,15n2iAUwcXqiYiGFRCPbiW,GBKQU2410228
7,"Si No Estas Conmigo","Cynthia y José Luis",170,11B,81,2026-04-28,03:16,55,"","Amor En Custodia",2005-01-01,42,35,0,41,0,10,-4,A Major,4,0wrsKr5aAgSbyfNihaZbQ6,MXUM70600260
8,"La Hora de Comer","Lety Balsa",141,5B,58,2026-04-28,00:56,27,"","Pegando Nuevas Canciones del Jardín",2009-01-19,82,50,0,51,10,0,-7,D#/E♭ Major,4,5ciuOVncHpsnqngsh7G3N5,QM7281560291
9,"DDU-DU DDU-DU","BLACKPINK",140,9A,83,2026-04-28,03:31,74,"k-pop","SQUARE UP",2018-06-15,67,4,0,39,0,0,-5,E Minor,4,4lQsB3ERTWSNaAN1IkuNRl,KRA401800096
10,"Cinco Patitos","Super Simple Español",116,11A,27,2026-04-28,02:32,47,"canción de cuna, música infantil","Bebé Tiburón y Más Canciones Infantiles",2018-10-31,94,28,0,63,0,0,-10,F#/G♭ Minor,4,0FXmi2206v1P6c8myqefBi,TCADY1806474
11,"El Tren de Plim Plim","El Payaso Plim Plim",100,11B,62,2026-04-28,02:29,49,"canción de cuna, música infantil","Las Canciones de Plim Plim Vol. 2",2018-11-19,80,24,0,76,0,30,-5,A Major,4,1rPf6tTZLaVdjoBJkwnt3e,USL4Q1852087
12,"Moonlight","Rameses B",140,8B,84,2026-04-28,05:43,36,"chillstep, liquid funk, drum and bass, drumstep","Inspire - EP",2012-05-23,55,6,27,24,0,10,-6,C Major,4,5ZBemWNJFt6Ne1ay2vjVJD,ushm21296927
13,"Los Planetas","TV Para Niños",120,10B,28,2026-04-28,03:04,40,"canción de cuna","TV Para Niños",2020-08-20,91,66,0,93,0,20,-13,D Major,4,0RcRscpgOvs8SrTGRBDOex,QZK6M2081212
14,"El Juego de los Nombres","Burbujas",161,3A,88,2026-04-28,03:21,30,"canción de cuna, música infantil","Grandes Éxitos",2016-07-15,68,36,0,49,20,0,-8,A#/B♭ Minor,4,2iIyAtoxMS0InnrvdB6VPW,MXF601600326
15,"La Mané","Luli Pampín",132,6B,89,2026-04-28,02:55,47,"canción de cuna, música infantil, villancicos","Canciones y Juegos Con Luli Pampín",2019-04-19,84,45,0,98,0,0,-3,A#/B♭ Major,4,1JfOCWt5vxijncYkSp7w5f,ITZV21900070
16,"Cochinitos Dormilones - Remasterizado 1995","Cri-Cri",92,9B,37,2026-04-28,03:24,53,"canción de cuna, música infantil","Las 100 Clásicas de Cri Cri Vol. 1",2001-03-30,38,94,0,56,0,10,-8,G Major,4,5jy4BFZMsN58GxG1dSHDd2,MXF010000697
17,"Chu Chu Ua Chu Chu Ua","El Reino Infantil,Bichikids en Español",130,8B,77,2026-04-28,03:26,59,"canción de cuna, música infantil","El Reino Infantil Vol. 1",2015-02-24,92,25,0,92,10,0,-7,C Major,4,1sxU99FLh8hBYbmvKkQLKF,ARF061401657
18,"Te quiero","Barney Español",50,7A,32,2026-04-28,00:57,47,"canción de cuna, música infantil","Juguemos a cantar con Barney",2005-01-01,56,52,0,28,0,40,-14,D Minor,4,4mPP0bb1je8NWfZhvtKjCe,USA371696766
19,"Soy grande","Volar para Contar",105,10B,19,2026-04-28,01:44,63,"canción de cuna","Soy Grande, Fuerte, Inteligente",2024-06-25,84,91,0,68,0,0,-9,D Major,4,5Q9kRAXdoJMRMBigdkSGlD,QZWDE2400605
20,"Checkpoint","Igor Pumphonia",113,5A,58,2026-04-28,03:46,1,"","Checkpoint",2025-03-13,80,26,83,37,0,20,-8,C Minor,4,50L7h5L4FXX6TS8iPWpnUW,UKEX32509274
21,"Umacapiruá","Pim Pau",100,10B,77,2026-04-28,02:23,51,"canción de cuna, música infantil","Recreo",2016-00-00,81,33,0,63,10,0,-8,D Major,4,1NQx4LsPOBvjnHWjPcgadR,AR6VY1600003
22,"Jane Maryam","Evgeny Grinko",97,5A,10,2026-04-28,01:30,1,"","Outtakes",2018-12-09,39,98,92,14,0,10,-19,C Minor,3,46xC5pDq9vxl4JcHkb1QkX,FRX201839322
23,"Love Story","Francis Lai,Lola & Hauser",82,7A,24,2026-04-28,04:11,48,"","Love Story",2018-05-30,20,98,86,10,0,0,-14,D Minor,4,06n8oG19KaU6Vj3DR4TUM5,TCADR1802371
24,"Nisi Dominus, RV 608: IV. Cum dederit","Antonio Vivaldi,Ensemble Matheus,Jean-Christophe Spinosi,Philippe Jaroussky",80,6A,1,2026-04-28,05:10,48,"barroca, clásica, concerto, música antigua, ópera","Vivaldi: Nisi Dominus, Stabat Mater",2008-01-02,13,98,0,4,0,10,-30,G Minor,4,1okQeekaBL7DzFxS0j1s7l,FRX290701204
25,"Dance For Me Wallis","Abel Korzeniowski",86,6A,36,2026-04-28,03:08,44,"","Easy Listening: Peace & Relaxed",2022-11-14,40,89,91,16,0,10,-15,G Minor,4,42Si9nrQc7oQqJ0fNATOOQ,USUM71200032
26,"Quiero Pan","Xuxa",110,10B,62,2026-04-28,01:54,32,"canción de cuna, música infantil","Xuxa En Español",1990-03-31,69,59,0,90,0,40,-11,D Major,3,4cXys0FeVLMkxhPVG3XeYX,BRRGE9000158
27,"Da una Vuelta en Tu Lugar","Baila Baila",131,11B,35,2026-04-28,01:42,33,"","Baila Baila",2012-10-12,76,39,0,12,50,0,-10,A Major,4,6Rp9M8ozBbYgd37Pk34sGw,USQY51301720
28,"Intermezzo No. 1","Manuel Ponce,Héctor Rojas",76,9A,19,2026-04-28,02:43,14,"piano clásico, música mexicana, música de cámara","Manuel M. Ponce Obra Completa para Piano",1998-00-00,25,99,85,5,0,30,-23,E Minor,4,6tNcDXbjY7Id6cX8nXWmgn,MX2831700158
29,"Bye Bye Goodbye","Super Simple Songs",120,8B,37,2026-04-28,01:42,51,"música infantil, canción de cuna","Do You Like Broccoli Ice Cream? & More Kids Songs",2017-03-24,84,35,29,62,0,0,-10,C Major,4,0FbsYlb1ZMgTICWE3ILQGt,TCACZ1758715
30,"Adios, Adios","Super Simple Español",120,8B,29,2026-04-28,01:42,49,"canción de cuna, música infantil","¿Te Gusta el Helado de Brócoli? y Más Canciones Infantiles",2018-10-31,89,31,38,50,0,0,-10,C Major,4,5qqmu9E5MpQsDMQb3GktUu,TCADY1803330
31,"Cabeza, Hombro, Rodilla y Pie","El Payaso Plim Plim",181,6B,61,2026-04-28,01:25,63,"canción de cuna, música infantil","Las Canciones de Plim Plim Vol. 4",2021-08-20,59,23,0,96,0,30,-6,A#/B♭ Major,4,1V19RXI1yiRhvDAyjnnG6g,ARLIB2024028
32,"Muevo mis pañuelos","Miss Cuqui",160,12B,79,2026-04-28,03:07,1,"canción de cuna","Cantaré para ti",2016-01-01,46,49,0,80,10,10,-6,E Major,4,2YqJnybw6pITObuNRlz82M,GBSMU5062369
33,"Las palabras mágicas.","Cobu",137,10B,33,2026-04-28,02:30,28,"","Ciclo B",2019-06-06,91,50,0,96,10,0,-15,D Major,4,0NojbPMUggvvYj2mwaGHcW,QZFYX1958068
34,"La Familia Dedo de Emociones","El Payaso Plim Plim",110,9B,63,2026-04-28,01:59,33,"canción de cuna, música infantil","Las Canciones de Plim Plim Vol. 5",2022-02-04,84,1,0,57,0,0,-7,G Major,4,6IlAWMPGszxkaAg4S4M1yY,ARLIB2120014
35,"Gabriel's Oboe","Ennio Morricone",91,10B,23,2026-04-28,02:26,0,"banda sonora","Voci dal silenzio",2007-03-25,19,76,94,11,0,10,-16,D Major,4,5HaZXKLklCInlXKFn0AhtN,IT0680700294
36,"Por Favor y Gracias","El Payaso Plim Plim",112,8B,59,2026-04-28,01:24,52,"canción de cuna, música infantil","Las Canciones de Plim Plim Vol. 1",2018-10-31,96,56,0,98,0,10,-5,C Major,4,2z9eg72jePcx5euCC0p8is,ARLIB1100004
37,"Abejita Chiquitita","El Payaso Plim Plim",170,12B,50,2026-04-28,02:09,70,"canción de cuna, música infantil","Las Canciones de Plim Plim Vol. 8",2023-09-08,76,46,0,39,40,30,-8,E Major,4,70ygVDJv1Wou8WGD34K5An,ARLIB2220027
38,"Mi Pollito Amarillito","El Payaso Plim Plim",140,10B,82,2026-04-28,01:42,49,"canción de cuna, música infantil","Las Canciones de Plim Plim Vol. 5",2022-02-04,77,13,0,95,0,70,-6,D Major,4,1NqMGufjcJRzQV7mId2e0f,ARLIB2024010
39,"Un Piojito","El Payaso Plim Plim",95,12A,66,2026-04-28,02:24,62,"canción de cuna, música infantil","Las Canciones de Plim Plim Vol. 7",2023-05-12,86,21,0,49,0,20,-5,C♯/D♭ Minor,4,1Gyl5cLhJ2q2q8tK37Ejvp,ARLIB2220060
40,"Levitando","Technicolor Fabrics",80,3B,77,2026-04-28,03:04,45,"indie mexicano, indie latino, música alternativa latina","Presente",2019-05-31,62,7,1,81,0,20,-8,C♯/D♭ Major,4,6MFn6NmBtglzxLirJ2vXsR,MXB231900006
41,"Hormiguita - Fui al Mercado","Luli Pampín",124,3B,87,2026-04-28,02:45,51,"canción de cuna, música infantil, villancicos","Canciones y Juegos Con Luli Pampín",2019-04-19,82,38,0,92,0,0,-3,C♯/D♭ Major,4,4DWwmFwouiupgQwbcN8n2v,ITZV21900065
42,"Aunque no te pueda ver","Alex Ubago",118,12B,46,2026-04-28,04:26,75,"pop latino","Fantasía o realidad",2003-11-24,59,61,0,21,0,10,-9,E Major,4,2425UlXvkIkAEJAtAd8ROm,ES5010300497
43,"Hay Burbujas en el Aire","Aprende Peque",120,8B,51,2026-04-28,01:19,51,"","Canta con Isa",2023-05-03,84,81,0,85,60,0,-11,C Major,4,4005aQh9oCytHg0uHGHuoZ,QZHN92312622
44,"Oysters In My Pocket","Royel Otis",168,11A,92,2026-04-28,02:42,77,"indie","Oysters In My Pocket",2022-03-10,60,2,80,61,0,10,-5,F#/G♭ Minor,4,2B664ulJSVBd6B8SAY3Wux,GBKPL2284406
45,"A mover y parar","Miss Rosi",146,11B,50,2026-04-28,01:29,45,"canción de cuna, música infantil","Yo canto con Miss Rosi, Vol. 2",2000-01-01,79,86,0,88,10,10,-7,A Major,4,0l1fBB8QaNqlz5dWPV6lOk,USQY51253927
46,"Como Los Animalitos","El Payaso Plim Plim",142,10B,47,2026-04-28,02:49,64,"canción de cuna, música infantil","Las Canciones de Plim Plim Vol. 3",2020-09-19,78,37,0,68,0,10,-7,D Major,4,6GEPowqFAnNGfBYr6GIHWs,ARLIB2020039
47,"Cinco Changuitos Brincando en la Cama","Chiquitines TV",130,5B,78,2026-04-28,02:05,34,"canción de cuna, música infantil","Chiquitinestv, Vol. 4",2017-06-30,85,6,0,97,0,0,-7,D#/E♭ Major,4,4Z1o2mAza5SofwgrwBluYU,ushm21725006
48,"La la la","Mariana Mallol",145,3B,74,2026-04-28,02:27,15,"canción de cuna, música infantil","Casa",2023-10-28,64,67,0,91,0,20,-7,C♯/D♭ Major,4,2gvXkc3nFuL8UvJNGgyMMt,MXUM72200594
49,"Aram Sam Sam","Mariana Mallol",76,10B,38,2026-04-28,01:39,45,"canción de cuna, música infantil","Abrazos, Besos y Apapachos",2015-03-12,53,51,0,83,10,30,-9,D Major,4,4LZKGqSji7zKN7D9gji0Id,MXF430400176
50,"Lose Control","Teddy Swims",160,11B,60,2026-04-28,03:30,89,"","I've Tried Everything But Therapy (Part 1)",2023-09-15,56,20,0,24,0,10,-4,A Major,3,17phhZDn6oGtzMe56NuWvj,USWB12302315
51,"BIRDS OF A FEATHER","Billie Eilish",105,10B,51,2026-04-28,03:30,94,"","HIT ME HARD AND SOFT",2024-05-17,75,20,6,44,0,10,-10,D Major,4,6dOtVTDdiauQNBQEDOtlAB,USUM72401994
52,"Sin Miedo","Mariana Mallol,Edgar Oceransky",123,10B,40,2026-04-28,02:34,20,"canción de cuna, música infantil, trova, nueva trova, cantautores","Agüita De Limón Con Chía",2018-01-05,78,55,0,78,0,10,-9,D Major,4,0csMjiZHkLjzktpBNtTlEe,MXD781701052
53,"Agüita De Limón Con Chía","Mariana Mallol",152,11B,68,2026-04-28,02:08,19,"canción de cuna, música infantil","Agüita De Limón Con Chía",2017-01-05,74,51,0,86,0,0,-5,A Major,4,2EGAPkcstgDoJqekRlYFgK,MXD781701048
54,"RITUAL (palace)","Jon Hopkins,Vylana",133,1B,39,2026-04-28,05:55,40,"idm, ambient, ","RITUAL (palace)",2024-07-09,48,32,95,17,0,0,-16,B Major,4,23glDLdns3JnzpaFdY8eH8,GBCEL2400346
55,"Feels Like Heaven - Uptempo Version","Roger Shah,Sunlounger,Zara Taylor",130,8A,85,2026-04-28,07:41,25,"trance, trance progresivo","The Beach Side Of Life",2010-11-05,55,8,19,45,0,30,-8,A Minor,4,46kts0Kw93ExY7idNow0sJ,NLF711001610
56,"A Dormir","El Payaso Plim Plim",120,8B,8,2026-04-28,04:39,66,"canción de cuna, música infantil","Las Canciones de Plim Plim Vol. 1",2018-10-31,32,91,0,32,0,10,-13,C Major,4,148MY2Cu0rsSJQYWJTblgU,ARLIB1200003
57,"El Marinero Baila","El Payaso Plim Plim",127,8B,63,2026-04-28,02:39,50,"canción de cuna, música infantil","Las Canciones de Plim Plim Vol. 6",2022-06-15,79,6,0,88,0,10,-9,C Major,4,0M0cm62EYwSfd4fIQ0fyLm,ARLIB2120027
58,"Again and Again","Joël Fajerman",170,5A,33,2026-04-28,03:43,32,"jazz house, new age","Inventions of life",1991-00-00,41,91,94,11,0,0,-18,C Minor,4,5gPHMna2AItMTm0lMgZx8d,FR6V89100725
59,"Oh Qué Será?","Willie Colón",87,8A,79,2026-04-28,05:04,80,"salsa, merengue, son cubano","Greatest Hits",2008-02-26,45,69,0,46,10,0,-5,A Minor,4,2n1MTLCis6qPSDKdr5XSDI,USDBB0610539
60,"El Lorito Pepe","El Reino Infantil,La Granja de Zenón,Duo Tiempo de Sol",139,6B,65,2026-04-28,02:03,61,"canción de cuna, música infantil","La Granja de Zenón Vol. 3",2016-11-17,84,37,0,78,0,10,-5,A#/B♭ Major,4,2Z3nhqUc5O74GRtwX7FNXI,ARF061501105
61,"Oxygène, Pt. 2","Jean-Michel Jarre",174,7A,83,2026-04-28,07:46,54,"new age, electrónica, space music","Oxygène",1976-12-05,40,22,61,35,0,10,-8,D Minor,3,7vLKG4ww0P8seUUsbgpcz3,FR45F1100060
62,"Hola Hola","Mariana Mallol",129,8B,65,2026-04-28,01:48,0,"canción de cuna, música infantil","Besos, Abrazos y Apapachos",2015-03-12,77,31,0,92,0,40,-7,C Major,4,0X8J1a89QbgBe81PxoYV3b,MXF430400172
63,"Que llueva, que llueva","Cleo y Cuquín - Familia Telerín",130,6B,43,2026-04-28,01:17,37,"canción de cuna, música infantil","Canciones infantiles, Vol. 1",2022-09-09,77,56,0,90,0,10,-11,A#/B♭ Major,4,1vhpseWhx3uGX1imQjQwXr,GBRKQ2271100
64,"Mi Angel Bebé (Canción de Cuna)","Nana Linda",140,8B,19,2026-04-28,03:50,0,"","Mi Angel Bebé (Canción de Cuna)",2024-03-15,44,80,0,44,0,10,-10,C Major,4,6aAqhhlChICt8k5mC7WLtD,QZHN62459313
65,"Mr. Golden Sun","Super Simple Songs",122,8B,34,2026-04-28,02:13,57,"música infantil, canción de cuna","Baby Shark & More Kids Songs",2017-03-24,78,4,0,65,0,0,-10,C Major,4,383D4yT1kW9tp5ibqVSMAH,TCADE1784683
66,"Freedom","Buddha-Bar",116,8B,14,2026-04-28,03:53,29,"lounge","Universal Sound of Buddha Bar",2006-12-04,20,96,84,10,0,0,-18,C Major,5,4RJaUuF4ffF7i2wzrJLvyR,FR85U0600160
67,"Sen Gelmez Oldun - Version 1","Alihan Samedov",100,12A,66,2026-04-28,05:35,43,"","Balaban",2001-00-00,55,84,5,39,0,0,-9,C♯/D♭ Minor,4,0SjLnms2QoHdnuHQe9IWLO,FR2X41463139
68,"Animal Life","Ingo Herrmann",160,9A,50,2026-04-28,02:33,41,"lounge","Electronic Soundscapes",2013-09-06,53,23,84,16,0,10,-10,E Minor,3,7LvK5qq1i7ahFES4PUB4DD,DEBL61378735
69,"Flight BA0247","Mystic Diversions",80,8A,38,2026-04-28,03:57,37,"lounge","Buddha Bar: 20 Years Anniversary",2016-10-21,51,93,83,18,0,30,-12,A Minor,4,6vjjHrdk1A3g9FQSDEXkag,IT00D0601601
70,"Love's Theme","The Love Unlimited Orchestra",97,9A,56,2026-04-28,04:06,65,"sonido filadelfia, disco","Rhapsody In White (Reissue)",1974-02-01,50,0,80,72,0,30,-12,E Minor,4,5csdrJ0JtFn0qvwlvSh2EI,USPR37300012
71,"Fragile","Sting",82,9A,20,2026-04-28,03:56,68,"rock suave","...Nothing Like The Sun",1987-10-16,34,91,7,29,0,0,-21,E Minor,4,5oE6INocVL9viDow5y8QNM,USAM18700043
72,"So Com Voce","Thievery Corporation",105,10B,53,2026-04-28,02:47,34,"trip hop, downtempo, acid jazz, lounge","Mirror Conspiracy",2000-08-09,72,24,88,36,0,0,-10,D Major,4,4720QgLxfScGStvX9YcGkA,USESL0003307
73,"Duermete niño - Nana del Amor - canción de cuna","Kinderlieder Mitmachfever",71,6B,9,2026-04-28,02:20,36,"","Duermete niño - Nana del Amor - canción de cuna",2024-02-11,65,91,0,45,0,10,-15,A#/B♭ Major,4,2fjUKhDs6Yan3WBzU8F7vR,DEZC62400488
74,"Koop Island Blues","Koop,Ane Brun",158,3A,54,2026-04-28,04:32,53,"nu jazz, acid jazz, trip hop, ","Koop Islands",2007-06-05,57,73,3,54,0,30,-9,A#/B♭ Minor,4,75sAWnVBYaaYs1mWbB05Qg,SELEI0600604
75,"Lost Keys","One of You",125,9A,48,2026-04-28,03:20,1,"","Lost Keys",2023-03-20,72,11,71,43,0,10,-11,E Minor,4,5ZFWmTOkgqEo9nNqutGvxh,QZHN32314520
76,"Lust Dust (G's Dust Up)","GARZA,Brittni Jessie",122,3B,76,2026-04-28,04:46,31,"nu disco","Lust Dust (G's Dust Up)",2024-02-09,65,0,9,27,0,10,-5,C♯/D♭ Major,4,7B39BgE9lCgrCKn4soM7pj,QZTLA2477838
77,"Lambada - Original Version 1989","Kaoma",119,7B,80,2026-04-28,03:27,74,"","Lambada - Les originaux No. 1 de l'été (Original 1989)",1989-01-01,76,21,0,97,0,0,-5,F Major,4,6xepovPqjvrkEw9Y5AMmTm,FR6V89602629
78,"Under Trees","Bernward Koch",61,6B,16,2026-04-28,03:48,0,"new age","Gentle Spirit",2009-05-19,26,94,96,8,0,10,-14,A#/B♭ Major,4,124h4nTC8nJZPHv2hd2Fuq,USR2M0900030
79,"The Wheels On The Bus","Super Simple Songs",170,8B,42,2026-04-28,02:24,60,"música infantil, canción de cuna","The Bath Song & More Kids Songs",2017-03-24,77,20,0,63,0,40,-9,C Major,4,1SJUpO4mu6kBUxVekSYPhu,TCACZ1758521
80,"Black Dog","Autonomy",78,12B,26,2026-04-28,02:07,35,"música neoclásica","Black Dog",2020-08-20,41,95,85,8,0,10,-13,E Major,4,4YBjc5fCZrFzpYYfzKI2Vv,QM7282002609
81,"Volver A Comenzar","Café Tacvba",130,12A,63,2026-04-28,07:43,52,"rock en español, rock mexicano, rock latino, música alternativa latina, ska","SINO",2007-01-01,39,0,0,43,0,10,-6,C♯/D♭ Minor,4,70LC9mcVfFoITE6PAG5s87,USUM70749666
82,"Freedom","Fiona Joy Hawkins",110,10B,3,2026-04-28,01:51,31,"new age","Blue Dream",2008-01-01,31,98,91,13,0,0,-21,D Major,4,3RdtEyZyTkEdbcxnMLR0dp,AUFV20804001
83,"El miau no existe sin mi","La casa de muñecas de Gabby,Gabby's Dollhouse",136,4B,18,2026-04-28,01:41,0,"canción de cuna, música infantil","La Casa de Muñecas de Gabby – La Lista De Reproducción Oficial",2022-04-15,84,35,0,87,50,30,-23,G#/A♭ Major,4,3C2m6NOMZ8INJwDdTyULJ3,USQ4E2200574
84,"So High","Doja Cat",132,3A,57,2026-04-28,03:21,77,"","So High",2014-03-11,65,13,0,66,0,0,-6,A#/B♭ Minor,4,2qyhy9ndo8tTGMzXeHTisR,USRC11400475
85,"Deep in the Night","Blank & Jones",124,2A,89,2026-04-28,03:46,11,"trance, lounge","Deep in the Night",2023-06-16,68,0,4,53,0,10,-6,D#/E♭ Minor,4,20mLJXcK3jvNGE83EbQTyn,DEGE92300026
86,"Rodrigo: Concierto De Aranjuez: 2. Adagio","Paco de Lucía,Orquesta De Cadaques,Edmon Colomer",74,10A,3,2026-04-28,11:32,41,"flamenco, clásica","Integral",2010-01-04,19,95,87,5,0,10,-24,B Minor,4,1XgTqDYeR2L4AWObBUu5rC,ES5709904726
87,"Lost in the ocean","Anthony Island",160,7B,36,2026-04-28,03:27,44,"lounge","Lost in the ocean",2022-01-14,62,49,91,47,0,0,-15,F Major,4,0QGs1asOAaFzdFabxjYqNo,DEHK12100759
88,"Temple of Aesthetic Action","Jordan De La Sierra",66,9A,12,2026-04-28,24:55,26,"new age, ambient","Gymnosphere: Song of the Rose",2014-12-02,13,99,91,4,0,10,-18,E Minor,3,4pFLly7AXNRU3bQ9piWJdv,USCW61405902
89,"With My Own Eyes - Keys of da Sea Mix","Noise Boyz",98,8A,45,2026-04-28,05:29,21,"lounge","Maretimo Sessions: Sunset Del Mar - Pure Sunset Feeling",2016-09-23,66,50,91,6,0,10,-15,A Minor,4,7z6RtT59vmfYik84nB56y3,DEH331002370
90,"Horizon Sunrise Drive","Guido Negraszus",108,8A,55,2026-04-28,03:24,0,"new age","Dreaming",2018-08-29,65,81,95,40,0,10,-20,A Minor,4,2os1JPQTjJMgXf1J8n3PKr,USA2P1859606
91,"Childhood Dream","Wojciech Golczewski",146,7B,38,2026-04-28,04:09,42,"synthwave, space music","The Signal",2017-04-02,35,70,95,4,0,10,-12,F Major,4,0hjlsV7bnM7HLPuIoaMfkm,FR9W11704170
92,"Mi Sombra En la Pared","Miguel Mateos - Zas",175,8A,97,2026-04-28,04:50,54,"rock en español, rock latino, rock argentino","Solos en América",1986-09-01,55,33,17,79,0,0,-7,A Minor,4,096vJncZZrwi4lLUoggD9y,ARXP71600068
93,"Dream of Kamala - Bolla & Love Supreme Tubby Mix","Mystic Diversions,Tony Bungaro,Bruno Bolla,Love Supreme",83,3B,64,2026-04-28,04:54,2,"lounge, ","Dream of Kamala (Bolla & Love Supreme Tubby Mix)",2023-02-10,61,0,28,43,0,10,-9,C♯/D♭ Major,4,30mbpZ8z6hDoJiLUcHKuG2,IT00D0401202
94,"Come With Me - Radio Edit","Nora En Pure",120,11A,78,2026-04-28,02:53,41,"deep house, house melódico, house progresivo, house","Come With Me",2013-00-00,68,0,59,25,0,20,-7,F#/G♭ Minor,4,0Crfi4jUjxb5he8mJ8G6EO,CH3131311287
95,"Breathe - CamelPhat Just Chill Mix","CamelPhat,Cristoph,Jem Cooke",98,8A,76,2026-04-28,04:31,38,"techno melódico, house, house progresivo, house melódico, tech house, ","Breathe (CamelPhat Just Chill Mix)",2019-03-01,53,7,5,33,0,0,-7,A Minor,4,6omsLkEQDeDHtILgj3Vkmn,GBCEN1900008
96,"Serenade for Strings in E Major, Op. 22, B. 52: II. Tempo di valse","Antonín Dvořák,Prague Chamber Orchestra,Petr Skvor",0,11B,8,2026-04-28,07:12,63,"clásica, música de cámara, orquestal","Dvořák: Serenade for Strings, Czech Suite",1991-01-01,0,76,89,0,0,20,-19,A Major,0,3sAYxq1986j3ydqLv6jwUJ,CZA167702329
97,"I Love You","Chris Wonderful",80,3B,56,2026-04-28,07:55,41,"new age","Music for Lovers, Vol. 1",2012-00-00,53,65,86,7,0,30,-10,C♯/D♭ Major,4,58okEVqhlZS33sItNcz1Rk,FRX872185346
98,"Wish You Were Here (feat. Msaki)","Black Coffee,Msaki",120,8B,46,2026-04-28,04:32,48,"afro house, afro tech, house, afro soul, amapiano, private school amapiano, 3 step, afropop, gqom","Wish You Were Here (feat. Msaki)",2018-12-07,63,56,0,16,0,0,-12,C Major,4,6tfXgZjluaSYht2GwnEw21,ZAI911800333
99,"Sex","Marc C. Griso",90,7A,39,2026-04-28,04:13,26,"","Sex",2016-04-22,54,1,72,4,0,20,-16,D Minor,4,4GdhZfZsOiMtuI8BHUqGDS,ES5770606406
100,"Kesaillan idylli (Summer Night's Idyll), Op. 16, No. 2: Kesaillan idylli [Summer Night's Idyll] , Op. 16, No. 2 [arr. J. Panula]","Oskar Merikanto,Camerata Finlandia,Jorma Panula",97,7B,1,2026-04-28,01:18,0,"","Early One Morning",2010-04-01,17,90,84,6,0,10,-34,F Major,4,2Y9DRm38cPNvXQn1sJ8Tnw,HKI190773513
101,"Vienna","Future Proof",159,7B,74,2026-04-28,04:41,0,"","Café Del 30 Anniversary",2010-04-19,57,5,23,51,0,10,-8,F Major,4,5DYJJuoRVnYPTEgh0ua9kb,ES27C1030104
102,"Miles at Cala Jondal","Chris Le Blanc",110,9B,77,2026-04-28,04:25,26,"lounge","Stranded",2016-10-07,64,0,76,5,0,40,-10,G Major,4,1iggAoYM1EC80GJyso0YyU,DEMQ11602508
103,"Sea of Blue","Cantoma",105,7A,50,2026-04-28,04:19,44,"lounge","Just Landed",2016-05-27,66,19,94,44,0,0,-13,D Minor,4,4LLZGFzd9YF3J9Y2UFsbKd,UK8SW7000009
104,"Femme fatale","Deeper Sublime,Eriq Johnson",176,3A,53,2026-04-28,05:36,28,"lounge","Ibiza Balearic Session Vol. 1",2009-08-25,55,11,27,26,0,10,-8,A#/B♭ Minor,4,2iDq8HQ60SuLC1W7evbKaS,DEH740801669
105,"Shadows and Voices - Tom Tom Mix","Djibooti",170,8A,73,2026-04-28,08:13,9,"","Congano Records Presents African Chill",2010-04-16,56,27,84,50,0,10,-10,A Minor,4,7BCCGlHPY82A1vzpPDTtuW,DEH330902297
106,"The Expanse Theme","Clinton Shorter",124,8B,40,2026-04-28,01:04,32,"space music","The Expanse - The Collector’s Edition",2019-12-13,27,44,60,8,0,0,-13,C Major,4,3JekHmsaTUG200nNWBQSZb,QMCXZ1900143
107,"Maybe Next Time","Band of Silver",156,3A,86,2026-04-28,03:12,10,"","Maybe Next Time",2022-06-24,60,1,0,81,0,0,-5,A#/B♭ Minor,4,6xiyNcBiVhuHX7xn3AsnVQ,QZS7J2218501
108,"Messiah, HWV 56, Pt. I: Pastoral Symphony,  Pifa  (Arr. L. Stokowski)","George Frideric Handel,Bournemouth Symphony Orchestra,José Serebrier",92,8B,3,2026-04-28,03:47,0,"barroca, clásica, coral, ópera, música antigua, orquestal, minimalismo","Bach, J.S. / Purcell / Handel: Stokowski Transcriptions",2006-09-01,11,96,87,4,0,0,-29,C Major,4,2WuYYACpbXgn41VaPN3IYs,HKI190554610
109,"Return - Original Mix","M.A.D.E.S",110,11B,68,2026-04-28,05:03,36,"synthwave","Return",2016-06-20,49,3,3,4,0,30,-6,A Major,4,6JS1zboZEMNJbfeJIfSzNU,GBTM61600003
110,"5 Seconds Before Sunrise","VER:WEST,Tiësto",122,2A,82,2026-04-28,04:35,41,"house orgánico, edm, trance, big room, house","5 Seconds Before Sunrise",2020-07-17,65,1,95,43,0,30,-8,D#/E♭ Minor,3,0hz9lCgIKOtZthsP2JTPAL,CYA112000511
111,"Daydreaming - Chill del Mar","Soleil Fisher",172,7B,50,2026-04-28,05:54,22,"lounge","Daydreaming (Chill del Mar)",2010-01-01,48,46,93,16,0,10,-12,F Major,4,1wNBUuVBiuPtDG50NyIrMB,DEBL60970049
112,"Hung","Sound Quelle",120,1B,84,2026-04-28,03:22,48,"house progresivo, house melódico, house orgánico, deep house, trance progresivo","Trait",2020-06-19,74,1,85,19,0,0,-5,B Major,4,5KteBzvgHmFUGpjJ8iN3XY,GBKQU2031149
113,"Peligro","Reik",127,8A,91,2026-04-28,03:41,62,"pop latino","Peligro",2012-06-22,68,1,0,94,0,10,-4,A Minor,4,5Giq7ViIXKkTtxOhzPY2Qf,MXF011100035
114,"Never Ending Story","Limahl",122,8B,80,2026-04-28,03:30,58,"synthpop","The Never Ending Story",2009-10-30,58,22,0,77,0,20,-8,C Major,4,2IAQnOWKWjj1iA166KznVd,GBAYE8400104
115,"Ice and Fire","Stive Morgan",112,4A,71,2026-04-28,07:34,0,"new age","Earth Breath",2014-09-28,56,29,72,22,0,10,-11,F Minor,4,0HbegF4OozCZaMX99nRlNk,FR96X1619810
116,"Canzone Angelica","Asher Quinn",114,7B,14,2026-04-28,06:18,23,"new age","Mystic Heart",2004-01-01,61,95,88,75,0,0,-17,F Major,4,3yxEvckuaG3Ur1rZRgIFi9,ushm91062700
117,"Voice of the Sea","Diane Arkenstone",90,12A,47,2026-04-28,05:16,0,"música nativa norteamericana, celta, new age, medieval","The Best of Diane Arkenstone",2005-03-08,49,24,88,21,0,0,-13,C♯/D♭ Minor,4,7wS3KJD1prrNnz5J9kxYaM,USI4R0504989
118,"Pura Vida","Chris Spheeris,Paul Voudouris",98,4B,46,2026-04-28,03:50,35,"new age","Enchantment",1992-01-01,58,10,88,9,0,0,-16,G#/A♭ Major,4,07e8uQjsxdRhuHbfUM44ax,uscgh1030391
119,"Dream//Expanse","Superposition",75,5A,21,2026-04-28,06:20,0,"spoken word, glitch","Form//Less",2020-04-03,16,70,88,3,0,10,-17,C Minor,4,1eZkqX08AurtH7oDQIZjda,US25X2001270
120,"LSNC","Miranda Santizo",97,9B,56,2026-04-28,02:33,15,"r&b latino, indie latino","LSNC",2022-03-25,81,27,0,78,0,10,-6,G Major,4,3LV3d4MEOVhcLuUhKvkltK,QM4TX2216159
121,"Himalaya","Mariangela",132,12B,49,2026-04-28,03:17,24,"música alternativa latina","Himalaya",2022-02-25,69,28,0,51,0,10,-9,E Major,4,74KFolNpy0UwidpiCu8oT4,USSD12200037
122,"Singapore Sling - Buddha Beach del Mar Cafe Mix","DJ Lounge Del Mar",100,12A,47,2026-04-28,06:28,22,"lounge","Wonderful Life",2010-10-01,64,25,86,31,0,10,-9,C♯/D♭ Minor,4,1xjJlW9N8QUfflKQ44rHum,DEBL60978351
123,"Padjelanta","Laponia",67,1B,2,2026-04-28,02:44,39,"","Sarek",2019-09-06,22,98,86,4,0,0,-28,B Major,3,5N5jZgY2X3sfj3HUSjg1Ic,SE5W31925702
124,"La mer se calme - Original Lounge Mix","Moon de Lounge",89,8A,32,2026-04-28,05:04,23,"lounge","La mer se calme",2010-01-01,83,26,91,12,0,10,-15,A Minor,4,61n5IvEDd84dMEwqeKk5Lb,DEBL61042450
125,"Chill Del La Mer - Blank Café Relax Mix","DJ Lounge Del Mar",80,8A,65,2026-04-28,06:08,30,"lounge","Wonderful Life",2010-10-01,45,64,86,28,0,10,-8,A Minor,4,141A9ha99plkFoOQ63RrDU,DEBL60978350
126,"Das Unheimliche","Asaph Sánchez",138,3B,37,2026-04-28,06:30,16,"ambient","Das Unheimliche",2020-05-01,16,95,96,3,0,10,-11,C♯/D♭ Major,4,64EQZLoqKiaxjghEeaxVxQ,QM42K1945164
127,"Pensando en ti","Romu Agulló",160,8B,89,2026-04-28,04:35,0,"","Café Del 30 Anniversary",2010-04-19,55,22,91,78,0,10,-8,C Major,4,4nTdjc3mPV0eMEoqV2fWpe,ES27C1030208
128,"Entering Twin Falls","Nicholas Gunn",112,8B,64,2026-04-28,04:10,0,"new age, trance","The Music of the Grand Canyon",1995-08-01,29,7,94,36,0,10,-13,C Major,5,3Mm13CNU92QA9OMzhyQZkm,USR2M9500010
129,"Yesterday's Dream","Catalina En Collins",120,6B,54,2026-04-28,02:31,25,"lounge","Yesterday's Dream",2021-10-29,68,4,92,25,0,10,-10,A#/B♭ Major,4,3eb9HO1cq8uzEmUdU7mNvs,SEXGF2194801
130,"New Jade","dreem",118,3B,51,2026-04-28,03:47,44,"","Rayn / New Jade",2021-06-11,75,65,93,5,0,10,-11,C♯/D♭ Major,4,0aXTlYIS7b7mMDMBUUAtFq,SE5Q52101172
131,"Waves","Navagio",113,4A,75,2026-04-28,02:38,31,"lounge","Waves",2021-10-22,72,7,76,59,0,30,-8,F Minor,4,1A2pH62d1USSUsxuoiRD8l,SE6RU2135001
132,"Water Gods","Lahti Synth Project",144,8A,72,2026-04-28,05:56,0,"","Before You Was Born",2019-02-21,65,43,83,44,0,20,-11,A Minor,4,3wKKHc6aWxSSd1ttKpiR4J,QZDPF1811830
133,"cbb to b sad","IDER",102,8B,77,2026-04-28,04:28,21,"","cbb to b sad",2021-08-02,71,30,0,71,0,10,-8,C Major,4,6X8lrdPxnChWtIOpLK9vQ1,GX3ZN2100004
134,"Somewhere In Time - Main Theme","Roger Williams",74,8B,8,2026-04-28,03:24,43,"orquestal","Somewhere In Time (Original Motion Picture Soundtrack)",1980-01-01,13,84,51,6,0,10,-19,C Major,4,68L5TNgWMtHcH8Ut5QZk60,USMC18010770
135,"Mineral","Camedor",183,9A,43,2026-04-28,04:58,18,"","Portal",2019-04-12,30,92,92,13,0,0,-10,E Minor,5,5l4XtEgfT0li1rjMxWWgfH,USA2P1918151
136,"Leaving The Docks","Zbigniew Preisner",121,9A,3,2026-04-28,01:29,37,"","The Secret Garden (Original Motion Picture Soundtrack)",1993-01-01,34,99,80,6,0,0,-23,E Minor,4,1b5qdcETwEAKc78vsiDZG6,US3M59344302
137,"When I Let Go","Fay Wildhagen",112,4B,41,2026-04-28,03:55,37,"pop noruego","Borders",2018-09-21,22,46,0,13,0,0,-9,G#/A♭ Major,4,1knbAQeG852S5ebxsfYIao,NOAGW1800062
138,"Week 4","The Acapulco Express",112,11A,49,2026-04-28,05:10,13,"indie latino, glitch","Month One",2020-05-29,65,70,95,90,0,10,-11,F#/G♭ Minor,4,1FP5gWiRMjw3vfvvbf241v,US66W2000264
139,"Kamikaze","Susanne Sundfør",124,1A,65,2026-04-28,05:11,0,"pop noruego, art pop","Ten Love Songs",2015-02-16,40,5,0,6,0,0,-8,G#/A♭ Minor,4,2cKo2UWaGTK2DCkn1T4vXW,NOAGW1400189
140,"Flashear","Yami Safdie",105,10A,77,2026-04-28,02:48,0,"","Flashear",2021-03-25,79,7,0,48,0,10,-5,B Minor,4,4OeeWngD8oM2PAVlG2N0Ry,ARHSB2100011
141,"Free Spirit","Khalid",140,7A,45,2026-04-28,03:02,55,"","Free Spirit",2019-04-05,63,31,0,11,0,10,-9,D Minor,4,2kAIpGWnlFLQh48iut6Zzq,USRC11900440
142,"After The Sunrise","Yanni",104,8B,31,2026-04-28,04:37,10,"new age","Collections",2008-02-15,44,30,90,7,0,10,-12,C Major,3,17cZR0uT6ItfyS7TCnD2Tg,USPM18701002
143,"Rabbit In The Headlights","Michael Oakley",108,10B,57,2026-04-28,04:13,41,"synthwave, synthpop, vaporwave","Rabbit In The Headlights",2016-10-29,54,8,1,31,0,30,-10,D Major,4,5F7KY5n0P2GdCJ5Y1yqzEY,GBLFP1645070
144,"Levitate","Kalax",95,6B,54,2026-04-28,05:13,31,"synthwave, vaporwave, chillwave, synthpop","Kalax",2017-04-10,37,3,96,4,0,0,-10,A#/B♭ Major,4,61n7NDjiD9CRUVT1TLvCJR,TCADA1731371
145,"Bend & Break","FM-84,Ollie Wride",92,3B,64,2026-04-28,05:16,0,"synthwave, vaporwave, synthpop, chillwave","Bend & Break",2019-02-14,52,3,0,16,0,0,-9,C♯/D♭ Major,4,4IoCXKpR6xIZWAIU1o4Utp,QZDA71919648
146,"New Cydonia (Alternate Version)","Starcadian",103,6A,80,2026-04-28,04:21,37,"synthwave","Deep Cuts",2019-01-11,54,0,11,95,0,10,-9,G Minor,4,4quEnq53y9XiUjyfsTscS0,TCADZ1832835
147,"Tokyo Night Train","The Midnight",120,7B,56,2026-04-28,05:36,0,"synthwave, vaporwave, synthpop, chillwave","Nocturnal",2017-10-14,58,81,94,27,0,20,-14,F Major,4,7kHjOr09QXjBRKckr0vPpd,TCADH1787623
148,"The Trip","Still Corners",120,10A,73,2026-04-28,06:14,0,"dream pop","Strange Pleasures",2013-05-07,70,17,1,42,0,10,-7,B Minor,4,3TIkuJp4rqDnQgpNkkpxLr,USSUB1203501
149,"Calmative","Vincente M",78,9B,0,2026-04-28,03:42,0,"","First Flower",2018-06-18,26,99,95,8,0,0,-29,G Major,1,6k1DasduiT5LjawgYPg3pF,SEYOK1835164
150,"Tabernacle","Lotte Pen",120,8A,56,2026-04-28,05:36,0,"","Tabernacle",2019-05-03,46,88,90,8,0,0,-10,A Minor,4,7aFOpxLxQAUcUSnqBb7x63,NLW6T1900021
151,"Pillars","Hushed",116,8B,19,2026-04-28,04:25,39,"","Pillars",2017-05-05,25,94,88,4,0,10,-17,C Major,5,3O6WW96m7PnRA7oMKyG9IU,SE5Q51700963
152,"Luminescence","Trevor Kowalski",62,3B,20,2026-04-28,03:33,37,"","Luminescence",2018-08-24,12,76,91,4,0,10,-19,C♯/D♭ Major,4,0jGmCbjbB6jW4WIrpKsb1Y,SE5Q51800749
153,"Ultraviolet","Evan Michael Brown",87,9A,25,2026-04-28,04:16,23,"","Above The Clouds",2019-04-12,14,63,97,9,0,10,-17,E Minor,4,5zaYPmW3fWxDcPrGQxPsZ2,SE5W31907703
154,"Raðljóst","Kolbrun Stiger",95,10B,8,2026-04-28,02:13,18,"","Raðljóst",2019-08-09,38,98,95,10,0,10,-21,D Major,4,0mVwwU0nxbi2C4rd35JlOr,SE5IB1900959
155,"Don't Forget Me","NIGHT TRAVELER",99,8B,55,2026-04-28,04:50,0,"","Don't Forget Me",2018-11-13,52,11,0,21,0,0,-8,C Major,4,1usXiHWnhVXjabG99EchaK,TCADX1899935
156,"Pantera en Libertad","Monica Naranjo",131,2A,91,2026-04-28,04:44,49,"pop latino","Palabra de Mujer",1997-04-15,60,27,0,28,0,10,-5,D#/E♭ Minor,4,6BEhC3j62wIpe9m7zPL4Tx,ES5119700302
157,"Strong","London Grammar",152,6B,40,2026-04-28,04:35,64,"","If You Wait (Deluxe Version)",2013-01-01,54,72,0,25,0,0,-12,A#/B♭ Major,4,6k1I9gABiasGZiWWAosAEb,GBCEN1300608
158,"Lovers Table","Kleerup,AlunaGeorge",112,1A,56,2026-04-28,03:53,16,"pop sueco, chillstep, ","Lovers Table",2019-09-18,66,3,3,25,0,10,-10,G#/A♭ Minor,4,1XgDH5V2RZJplqiXqKoQVc,NOV7L1902010
159,"To Where You Are","Josh Groban",125,7B,32,2026-04-28,03:53,56,"clásica para todos los gustos, navidad","Josh Groban",2001-11-20,29,65,0,11,0,10,-9,F Major,4,7go4n83IV0OO5Ztd1DlDh2,USWB10107377
160,"Everyday - Loungetronic Mix","Sun Jae",122,8A,78,2026-04-28,03:50,26,"","House Relax, Vol. 2 (Deep and Chill Session)",2017-07-05,63,0,75,8,0,60,-7,A Minor,4,7bJ9EgvRpFUqDp4pq9GCnH,ITAD81700048
161,"A Scent of Jasmine","Mystic Diversions",88,6A,47,2026-04-28,04:14,43,"lounge","Colours",2004-03-15,56,58,93,28,0,10,-11,G Minor,4,4v3iux7FwK2OEnFVYme4Jd,IT00D0400601
162,"Sax On The Beach","Party Pupils,MAX",116,4A,71,2026-04-28,03:57,0,"","Sax On The Beach",2018-06-01,75,5,0,91,0,40,-4,F Minor,4,5LjhywnE32xD6GJLfkbhfX,USDM31801802
163,"Mantra","Sunwell",173,1B,16,2026-04-28,03:45,35,"","Mantra",2019-02-24,11,92,84,3,0,0,-20,B Major,4,0mhg4wkvEjgVUu3P0vBlyA,SE4RG1906701
164,"Hurt and Virtue","Cradle Of Filth",90,4A,100,2026-04-28,05:23,20,"black metal, metal gótico, metal, metal sinfónico, death metal","Damnation And A Day",2003-00-00,20,0,17,4,10,10,-5,F Minor,4,3JQ1QwhKrHJHP76TGzhs7r,GBBBL0300012
165,"Somebody To Love Tonight","Bromance",122,9A,80,2026-04-28,04:18,0,"","Somebody To Love Tonight",2017-05-22,71,0,83,12,0,30,-9,E Minor,4,2jDL4ITBBYGjSqKF6QGfAj,SEYOK1737187
166,"Won't Let Go","Lucas Estrada,Alex Alexander,Blinded Hearts",116,4B,79,2026-04-28,02:39,20,"tropical house, afro house, slap house","Won't Let Go",2018-11-16,68,5,0,40,0,10,-5,G#/A♭ Major,4,4LQpxVBNvFI1QC9Q34G2sl,DK4YA1820601